id,url
0,https://forums.macrumors.com/threads/knomo-macbook-macbook-air-sleeve-with-shoulder-strap-review.684212/
1,https://www.goodtoseo.com/tag/135th/
2,http://bobbyfischer.tk/susan-slot.html
3,https://www.graspskills.com/business-finance/financial-modeling-with-excel-training-course-barcelona
4,http://en.poshtibanpress.ir/xioyr42/vintage-ibm-reddit.php
5,https://bouncykitty.com/2015/04/
6,https://www.studycoding.net/2014/03/quy-tac-dung-e-thiet-ke-nen-cac-giao.html
7,http://ywbfdl.com/?tag=%E8%94%A1%E5%BE%90%E5%9D%A4nba%E5%A4%A7%E4%BD%BF%E8%BF%90%E7%90%83
8,https://www.goodtoseo.com/tag/safet/
9,https://scobleizer.blog/2011/02/23/an-ipad-lovers-review-of-motorola-xoom/?like_comment=416486
10,https://tanningpitt.com/gps-logger-for-car/
11,https://webtrickz.com/tag/galaxy-j7-pro/
12,http://iphonerepair.us/florida/iphone-repair-valparaiso/
13,https://www.paksound.net/tag/parrots/
14,http://bobbyfischer.tk/susan-slot.html
15,https://tecnologiageek.com/este-es-el-nuevo-telefono-inteligente-lenovo-fotos/?shared=email&msg=fail
16,https://www.teknogrezz.com/aplikasi-virtual-reality-terbaik/
17,http://gameramble.com/2016/04/
18,https://marvel.blogflop.com/2018/04/13/agent-phil-coulson-coming-back-to-the-big-scre/
19,https://tommytoy.typepad.com/tommy-toy-pbt-consultin/2013/04/index.html
20,http://www.wirefresh.com/best-high-end-compact-2009-canon-powershot-s90-wins-bronze/
21,https://www.goodtoseo.com/tag/safet/
22,http://diseasemanagementcareblog.blogspot.com/2013/10/the-president-says-you-should-ignore.html
23,https://www.macerkopf.de/tag/twilight/
24,https://www.athertoncarcompany.co.uk/used-honda-civic-atherton-greater-manchester-1425410
25,https://www.goodtoseo.com/tag/135th/
26,https://www.pcworld.idg.com.au/review/acer/b296cl/546045/
27,https://tecnologiageek.com/este-es-el-nuevo-telefono-inteligente-lenovo-fotos/?shared=email&msg=fail
28,http://iphonerepair.us/florida/iphone-repair-valparaiso/
29,https://www.paksound.net/tag/parrots/
30,http://bobbyfischer.tk/susan-slot.html
31,https://www.odds.com.au/greyhounds/bendigo/race-1/?date=2018-11-09
32,http://cammostylelove.com/2013/05/wummel-box-review.html
33,http://en.poshtibanpress.ir/xioyr42/vintage-ibm-reddit.php
34,https://scobleizer.blog/2011/02/23/an-ipad-lovers-review-of-motorola-xoom/?like_comment=416486
35,https://bouncykitty.com/2015/04/
36,https://forums.macrumors.com/threads/itunes-q.680454/
37,http://gangbangpartysex.com/adult-meet-for-sex-singles-looking-to-fuck-free-porn-mom-xxx-aberdeen-professional-porn-sex
38,http://www.wirefresh.com/best-high-end-compact-2009-canon-powershot-s90-wins-bronze/
39,https://blogsdemamis.com/tag/fixed/
40,https://www.goodtoseo.com/tag/safet/
41,http://gezondafvallen.tk/poker-wertigkeit-chips.html
42,https://hcrmcorp.com/blog/page/3/
43,https://tanningpitt.com/gps-logger-for-car/
44,https://www.techrounder.com/author/dluise/
45,https://forums.macrumors.com/threads/knomo-macbook-macbook-air-sleeve-with-shoulder-strap-review.684212/
46,https://www.goodtoseo.com/tag/135th/
47,https://www.goodtoseo.com/tag/safet/
48,http://www.itechpost.com/articles/97884/20170505/amazon-patent-turns-alexa-enabled-device-smartphone.htm
49,http://iphonerepair.us/florida/iphone-repair-valparaiso/
50,https://www.odds.com.au/greyhounds/bendigo/race-1/?date=2018-11-09
51,http://cammostylelove.com/2013/05/wummel-box-review.html
52,https://ges-sa.com/walking-dead-season-05-episode-03-four-walls-roof/
53,http://en.poshtibanpress.ir/xioyr42/vintage-ibm-reddit.php
54,https://scobleizer.blog/2011/02/23/an-ipad-lovers-review-of-motorola-xoom/?like_comment=416486
55,https://bouncykitty.com/2015/04/
56,http://gangbangpartysex.com/adult-meet-for-sex-singles-looking-to-fuck-free-porn-mom-xxx-aberdeen-professional-porn-sex
57,https://www.athertoncarcompany.co.uk/used-honda-civic-atherton-greater-manchester-1425410
58,https://webtrickz.com/tag/listen-music-online
59,https://miss604.com/tag/victory-square
60,https://www.cokitec.fr/coque-starxtrem-4/17041-coque-sfr-starxtrem-4-rugby-3614841146994.html
61,http://diseasemanagementcareblog.blogspot.com/2013/10/the-president-says-you-should-ignore.html
62,https://marvel.blogflop.com/2018/04/13/agent-phil-coulson-coming-back-to-the-big-scre/
63,https://tommytoy.typepad.com/tommy-toy-pbt-consultin/2013/04/index.html
64,https://www.pcworld.idg.com.au/review/acer/b296cl/546045/
65,https://crpto.space/coin/WBB/
66,http://www.etcblogpanama.com/2017/03/xedex-nuevo-auspiciador-oficial-de-la.html
67,http://iphonerepair.us/florida/iphone-repair-valparaiso/
68,https://www.paksound.net/tag/parrots/
69,http://bobbyfischer.tk/susan-slot.html
70,http://en.poshtibanpress.ir/xioyr42/vintage-ibm-reddit.php
71,https://technogog.com/information/5-reasons-why-your-business-should-start-a-youtube-vlog/
72,https://bouncykitty.com/2015/04/
73,http://jessicagottlieb.com/tag/the-young-turks/
74,https://www.goodtoseo.com/tag/135th/
75,http://www.wirefresh.com/best-high-end-compact-2009-canon-powershot-s90-wins-bronze/
76,https://blogsdemamis.com/tag/fixed/
77,https://www.goodtoseo.com/tag/safet/
78,https://scobleizer.blog/2011/02/23/an-ipad-lovers-review-of-motorola-xoom/?like_comment=416486
79,https://searchcustomerexperience.techtarget.com/tip/Is-Salesforce-really-the-best-in-the-social-media-monitoring-market
80,http://diseasemanagementcareblog.blogspot.com/2013/10/the-president-says-you-should-ignore.html
81,https://inertz.org/tag/puzzle/
82,https://marvel.blogflop.com/2018/04/13/agent-phil-coulson-coming-back-to-the-big-scre/
83,https://blueswandaily.com/casa-signs-mou-with-iata-to-gain-access-to-operational-safety-audit-information/
84,http://iphonerepair.us/florida/iphone-repair-valparaiso/
85,https://www.pcworld.idg.com.au/review/acer/b296cl/546045/
86,https://www.ir-familylaw.com/
87,https://tecnologiageek.com/este-es-el-nuevo-telefono-inteligente-lenovo-fotos/?shared=email&msg=fail
88,https://ges-sa.com/walking-dead-season-05-episode-03-four-walls-roof/
89,http://en.poshtibanpress.ir/xioyr42/vintage-ibm-reddit.php
90,https://bouncykitty.com/2015/04/
91,https://www.studycoding.net/2014/03/quy-tac-dung-e-thiet-ke-nen-cac-giao.html
92,https://www.goodtoseo.com/tag/135th/
93,http://www.wirefresh.com/best-high-end-compact-2009-canon-powershot-s90-wins-bronze/
94,https://www.tiptechnews.com/2017/10/why-choose-hostinger-web-hosting.html
95,https://www.goodtoseo.com/tag/safet/
96,https://coinmarketalert.com/page/coin/digitaldeveloper-price-alerts
97,https://scobleizer.blog/2011/02/23/an-ipad-lovers-review-of-motorola-xoom/?like_comment=416486
98,https://www.cokitec.fr/coque-starxtrem-4/17041-coque-sfr-starxtrem-4-rugby-3614841146994.html
99,https://forums.steves-digicams.com/newreply.php?do=newreply&p=298703
100,http://www.fine-gold.co.in/427/gold-price-rose-60-cents-closing-at-1371-20/
101,https://www.graspskills.com/business-finance/financial-modeling-with-excel-training-course-barcelona
102,http://iphonerepair.us/florida/iphone-repair-valparaiso/
103,http://bobbyfischer.tk/susan-slot.html
104,http://en.poshtibanpress.ir/xioyr42/vintage-ibm-reddit.php
105,https://miss604.com/tag/victory-square
106,https://marvel.blogflop.com/2018/04/13/agent-phil-coulson-coming-back-to-the-big-scre/
107,https://www.goodtoseo.com/tag/135th/
108,http://www.wirefresh.com/best-high-end-compact-2009-canon-powershot-s90-wins-bronze/
109,https://www.goodtoseo.com/tag/safet/
110,http://gezondafvallen.tk/poker-wertigkeit-chips.html
111,https://hcrmcorp.com/blog/page/3/
